/*
SQLyog Community v12.4.0 (64 bit)
MySQL - 5.7.17-log : Database - gdespa_test
*********************************************************************
*/

/*!40101 SET NAMES utf8 */;

/*!40101 SET SQL_MODE=''*/;

/*!40014 SET @OLD_UNIQUE_CHECKS=@@UNIQUE_CHECKS, UNIQUE_CHECKS=0 */;
/*!40014 SET @OLD_FOREIGN_KEY_CHECKS=@@FOREIGN_KEY_CHECKS, FOREIGN_KEY_CHECKS=0 */;
/*!40101 SET @OLD_SQL_MODE=@@SQL_MODE, SQL_MODE='NO_AUTO_VALUE_ON_ZERO' */;
/*!40111 SET @OLD_SQL_NOTES=@@SQL_NOTES, SQL_NOTES=0 */;
CREATE DATABASE /*!32312 IF NOT EXISTS*/`gdespa_test` /*!40100 DEFAULT CHARACTER SET latin1 */;

USE `gdespa_test`;

/*Table structure for table `load_chapter` */

DROP TABLE IF EXISTS `load_chapter`;

CREATE TABLE `load_chapter` (
  `refPw` varchar(255) DEFAULT NULL,
  `refChapter` varchar(255) DEFAULT NULL,
  `order` int(11) DEFAULT NULL,
  `name` varchar(255) DEFAULT NULL
) ENGINE=InnoDB DEFAULT CHARSET=latin1;

/*Data for the table `load_chapter` */

insert  into `load_chapter`(`refPw`,`refChapter`,`order`,`name`) values 
('201012016110657','182S00301100000',1,'INSTPPAL.(<600V) AER.MONOF LD'),
('201012016110657','182500301100000',2,'INST.PPAL. (<600V) AER MONOF LD'),
('201012016110657','221000470100000',3,'ELECTROMECANICOS'),
('201012017010056','182S00301100000',1,'INST.PPAL. (<600V) AER MONOF LD'),
('201012017010056','182500301100000',2,'INST.PPAL.{<600V) AER.MONOF LD'),
('201012017010056','221000470100000',3,'ELECTROMECANICOS'),
('201012016120888','182500301100000',1,'INST.PPAL.{<600V) AER.MONOF LD'),
('201012016120888','221000470100000',2,'ELECTROMECANICOS'),
('201012016120847','182500301100000',1,'INST.PPAL. (<600V) AER MONOF LD'),
('201012016120847','221000470100000',2,'ELECTROMECANICOS'),
('2020120I6120962','182S00303200000',1,'INST PPAL {<600V) SUBT.TRIF'),
('2020120I6120962','183100050100000',2,'C.T.CONVENCIONALES (13.8KV)'),
('2020120I6120962','183100050100000',3,'C.T.CONVENCIONALES (13.8KV)'),
('2020120I6120962','221000470100000',4,'ELECTROMECANICOS'),
('202012016120716','182500301100000',1,'INST.PPAL. (<600V) AER MONOF LD'),
('202012016120716','221000470100000',2,'ELECTROMECANICOS'),
('201012016110135','611000450000000',1,'ALUMBRADO PUBLICO'),
('201012016110135','221000470100000',2,'ELECTROMECANICOS'),
('202012016120775','182S00301100000',1,'INST.PPAL. (<600V) AER MONOF LD'),
('202012016120775','470100080',2,'ELECTROMECANICOS'),
('201012016110469','182S00233100000',1,'INST.PPAL.(34.5KV) AER.TRIF LD'),
('201012016110469','182500303100000',2,'INST.PPAL.{<600V) AER.TRIF LD'),
('201012016110469','182500303100000',3,'INST.PPAL.(<600V) AER.TRIF LD'),
('201012016110469','183100030100000',4,'C.T.CONVENCIONALES (34.5KV)'),
('202012016120756','182500301100000',1,'INST.PPAL.(<600V) AER.MONOF LD'),
('202012016120756','221000470100000',2,'ELECTROMECANICOS'),
('201012016110209','182S002S1100000',1,'INST.PPAL.{13.8K AEROF LD'),
('201012016110209','182500391200000',2,'INST.PPAL4<S0QV) SUSTGMOF LD'),
('201012016110209','13100050100000',3,'C.T.CONVENCIONALES(13.8KV)'),
('201012016110209','183100050100008',4,'C.T.COMVENCIOMALES {IS.SKV}'),
('201022016100020','182S00301100000',1,'INST.PPAL.{<600V) AER.MONOF LD'),
('201022016100020','182500301100000',2,'INST.PPAL.(<600V) AER.iWONOF LD'),
('201012016I10654','182500231100000',1,'INST.PPAL.(34,5KV) AER.MONOF LD'),
('201012016I10654','182500301100000',2,'INST.PPAL. (<600V) AER MONOF LD'),
('201012016I10654','182600301100000',3,'INST.PPAL. (<600V) AER MONOF LD'),
('201012016I10654','183100030100000',4,'C.T.CONVENCIONALES {34.5KV)'),
('201012016100695','182500301100000',1,'INST.PPAL. (<600V) AER MONOF LD'),
('201012016100695','221000470100000',2,'ELECTROMECANICOS'),
('201012016100695','611000450000000',3,'ALUMBRADO PUBLICO'),
('201012016120360','182500301100000',1,'INST.PPAL. (<600V) AER MONOF LD'),
('202012017010065','182500253100000',1,'INST.PFAM13.8KV) AER.TRIF LD'),
('202012017010065','182500303200000',2,'INST,PPAL.(<SOOV) SUBT.TRIF LD'),
('202012017010065','18310005Q100000',3,'C.T CONVENCIONALES (13.8KV)'),
('201012016100254','182500301100000',1,'INST.PPAL.{<600V) AER.MONOF LD'),
('201012016100254','182500301100000',2,'INST.PPAL.{<600V) AER.MONOF LD'),
('201012016100254','221000470100000',3,'ELECTROMECANICOS'),
('201012016100254','182600301100000',4,'INST.PPAL. (<600V) AER MONOF LD'),
('201012016100254','611000450000000',5,'ALUMBRADO PUBLICO'),
('201022016120884','182S00303200000',1,'INST.:PPAL4<600V SUBT.TRiF LD'),
('201022016120884','183100030100000',2,'C.T.CONVENCIONALES'),
('201022016120884','1825003U3200000',3,'INST.PPAL.{<600V) SUBT.TRIF LD'),
('201022016120884','183100030100000',4,'C.T.CONVENCIOMALES'),
('201022016120884','221000470109000',5,'ELECTROMECANICOS'),
('201012016110602','182500251100000',1,'INST.PPAL.(13.8KV) AER.MONOF LD'),
('201012016110602','182500301100000',2,'INST.PPAL.{<600V) AER.MONOF LD'),
('201012016110602','18J100050100000',3,'C.T.CONVENCIONALES {13.8KV)'),
('201012016110602','221000470100000',5,'ELECTROMECANICOS'),
('202012016100255','221000470100000',1,'ELECTROMECANICOS'),
('202012016100255','611000450000000',2,'ALUMBRADO PUBLICO'),
('202012016100255','183100050100000',3,'C.T.CONVENCIONALES (13.8KV)'),
('202012016100255','182500251100000',4,'INST.PPAL.(13.SKV) AER MONOF LD'),
('202012016100255','182500303200000',5,'INST.PPAL.{<SOOV) SUBT.TRiF LB'),
('202012016100255','183100050100000',6,'C.T.CONVENCIONALES (13.8KV)'),
('202012016100255','182500251100000',7,'INST.PPAL.{13.8KV) AER.MONOF LD');

/*Table structure for table `load_pw` */

DROP TABLE IF EXISTS `load_pw`;

CREATE TABLE `load_pw` (
  `refPw` varchar(255) DEFAULT NULL,
  `name` varchar(255) DEFAULT NULL,
  `initDate` date DEFAULT NULL
) ENGINE=InnoDB DEFAULT CHARSET=latin1;

/*Data for the table `load_pw` */

insert  into `load_pw`(`refPw`,`name`,`initDate`) values 
('201012016110657','ODALISLABT   OSORIO ALONSO','2016-11-25'),
('201012017010056','SILVIA CEDENO DE HENRIQUEZ','2017-01-05'),
('201012016120888','AZAEL GONZALEZ SAMANIEGO','2016-12-28'),
('201012016120847','MARIA DEL PILAR RODRIGUEZ REYES','2016-12-23'),
('2020120I6120962','TIANRUILIYUAN','2017-01-03'),
('202012016120716','CESAR AUGUSTO CASAS CHAVEZ','2016-12-20'),
('201012016110135','anibal ortiz perez','2016-11-07'),
('202012016120775','MELVIS ABDIEL CAMPOS PINZON','2016-12-23'),
('201012016110469','FEDERiCO DAVIS MU?OZ','2016-11-18'),
('202012016120756','ROSAURA EDITH ARAUZ MOLINA','2016-12-21'),
('201012016110209','FAUSTINO (AVICOLA) MORAN','2016-11-09'),
('201022016100020','Matilde lopez pimentel de','2016-10-03'),
('201012016I10654','AMANDA GUILLEN ODA','2016-11-25'),
('201012016100695','CELIDETH TREJOS SAMANIEGO','2016-10-26'),
('201012016120360','ANA MARIA MARTINEZ VELASQUEZ','2016-12-13'),
('202012017010065','CHRISTOPHER LUO ZHU','2017-01-05'),
('201012016100254','BEATRIZ SANCHEZ DE HERNANDEZ','2016-10-10'),
('201022016120884','CARIBBEAN CINEMAS OF PANAiWA, INC.','2016-12-28'),
('201012016110602','PROFESIONALES S.A, CONTABILIDAD Y ASESORIAS','2016-11-23'),
('202012016100255','PROXECTOS, S,A. EXTRACO CONSTRUCCIONES E','2016-10-10');

/*Table structure for table `load_pw_line` */

DROP TABLE IF EXISTS `load_pw_line`;

CREATE TABLE `load_pw_line` (
  `refPw` varchar(255) DEFAULT NULL,
  `refChapter` varchar(255) DEFAULT NULL,
  `refCUnit` varchar(255) DEFAULT NULL,
  `nameCunit` varchar(255) DEFAULT NULL,
  `cost` decimal(12,2) DEFAULT NULL,
  `quantity` decimal(6,2) DEFAULT NULL,
  `amount` decimal(12,2) DEFAULT NULL,
  `chapterOrder` int(11) DEFAULT NULL,
  `refCUnit2` varchar(255) DEFAULT NULL,
  `cUnitId` varchar(255) DEFAULT NULL,
  `cUnitId2` varchar(255) DEFAULT NULL
) ENGINE=InnoDB DEFAULT CHARSET=latin1;

/*Data for the table `load_pw_line` */

insert  into `load_pw_line`(`refPw`,`refChapter`,`refCUnit`,`nameCunit`,`cost`,`quantity`,`amount`,`chapterOrder`,`refCUnit2`,`cUnitId`,`cUnitId2`) values 
('201012016110657',NULL,'0202390000',NULL,NULL,NULL,NULL,1,NULL,'194',NULL),
('201012016110657',NULL,'0203301000',NULL,NULL,NULL,NULL,1,NULL,'740',NULL),
('201012016110657',NULL,'0208323028',NULL,NULL,NULL,NULL,1,NULL,'1491',NULL),
('201012016110657',NULL,'0209302110',NULL,NULL,NULL,NULL,1,NULL,'1511',NULL),
('201012016110657',NULL,'0209310100',NULL,NULL,NULL,NULL,1,NULL,'1517',NULL),
('201012016110657',NULL,'0209351000',NULL,NULL,NULL,NULL,1,NULL,'1525',NULL),
('201012016110657',NULL,'0214301000',NULL,NULL,NULL,NULL,1,NULL,'1680',NULL),
('201012016110657',NULL,'0214302000',NULL,NULL,NULL,NULL,1,NULL,'1681',NULL),
('201012016110657',NULL,'0214303000',NULL,NULL,NULL,NULL,1,NULL,'1687',NULL),
('201012016110657',NULL,'0214303100',NULL,NULL,NULL,NULL,1,NULL,'1688',NULL),
('201012016110657',NULL,'0214321500',NULL,NULL,NULL,NULL,1,NULL,'1704',NULL),
('201012016110657',NULL,'0215301100',NULL,NULL,NULL,NULL,1,NULL,'1718',NULL),
('201012016110657',NULL,'02130120D',NULL,NULL,NULL,NULL,1,NULL,'17354',NULL),
('201012016110657',NULL,'0217301600',NULL,NULL,NULL,NULL,1,NULL,'1739',NULL),
('201012016110657',NULL,'0218301700',NULL,NULL,NULL,NULL,1,NULL,'1876',NULL),
('201012016110657',NULL,'0218302100',NULL,NULL,NULL,NULL,1,NULL,'17351',NULL),
('201012016110657',NULL,'0231341000',NULL,NULL,NULL,NULL,1,NULL,'2155',NULL),
('201012016110657',NULL,'0315000017',NULL,NULL,NULL,NULL,2,NULL,'2215',NULL),
('201012016110657',NULL,'0217304608',NULL,NULL,NULL,NULL,3,NULL,'3633',NULL),
('201012017010056',NULL,'0202390000',NULL,NULL,NULL,NULL,1,NULL,'194',NULL),
('201012017010056',NULL,'0203301000',NULL,NULL,NULL,NULL,1,NULL,'740',NULL),
('201012017010056',NULL,'0208323028',NULL,NULL,NULL,NULL,1,NULL,'1491',NULL),
('201012017010056',NULL,'0214301000',NULL,NULL,NULL,NULL,1,NULL,'1680',NULL),
('201012017010056',NULL,'0214303000',NULL,NULL,NULL,NULL,1,NULL,'1687',NULL),
('201012017010056',NULL,'0214321600',NULL,NULL,NULL,NULL,1,NULL,'1708',NULL),
('201012017010056',NULL,'0216301100',NULL,NULL,NULL,NULL,1,NULL,'17354',NULL),
('201012017010056',NULL,'0215301200',NULL,NULL,NULL,NULL,1,NULL,'1719',NULL),
('201012017010056',NULL,'0217301600',NULL,NULL,NULL,NULL,1,NULL,'1739',NULL),
('201012017010056',NULL,'0218301700',NULL,NULL,NULL,NULL,1,NULL,'1876',NULL),
('201012017010056',NULL,'0218302100',NULL,NULL,NULL,NULL,1,NULL,'17351',NULL),
('201012017010056',NULL,'0231341000',NULL,NULL,NULL,NULL,1,NULL,'2155',NULL),
('201012017010056',NULL,'0315000017',NULL,NULL,NULL,NULL,1,NULL,'2215',NULL),
('201012017010056',NULL,'0315000021',NULL,NULL,NULL,NULL,1,NULL,'17354',NULL),
('201012017010056',NULL,'0315000051',NULL,NULL,NULL,NULL,1,NULL,'3627',NULL),
('201012017010056',NULL,'073000001',NULL,NULL,NULL,NULL,1,NULL,'17354',NULL),
('201012017010056',NULL,'0708000009',NULL,NULL,NULL,NULL,1,NULL,'3210',NULL),
('201012017010056',NULL,'0T08000013',NULL,NULL,NULL,NULL,1,NULL,'17354',NULL),
('201012017010056',NULL,'0717000001',NULL,NULL,NULL,NULL,2,NULL,'3160',NULL),
('201012017010056',NULL,'0217304608',NULL,NULL,NULL,NULL,3,NULL,'3633',NULL),
('201012016120888',NULL,'0202302000',NULL,NULL,NULL,NULL,1,NULL,'183',NULL),
('201012016120888',NULL,'0202390000',NULL,NULL,NULL,NULL,1,NULL,'194',NULL),
('201012016120888',NULL,'0214321500',NULL,NULL,NULL,NULL,1,NULL,'1704',NULL),
('201012016120888',NULL,'0214321700',NULL,NULL,NULL,NULL,1,NULL,'1709',NULL),
('201012016120888',NULL,'0214321800',NULL,NULL,NULL,NULL,1,NULL,'1710',NULL),
('201012016120888',NULL,'0215301100',NULL,NULL,NULL,NULL,1,NULL,'1718',NULL),
('201012016120888',NULL,'021701600',NULL,NULL,NULL,NULL,1,NULL,'17354',NULL),
('201012016120888',NULL,'0218301600',NULL,NULL,NULL,NULL,1,NULL,'1875',NULL),
('201012016120888',NULL,'0218301700',NULL,NULL,NULL,NULL,1,NULL,'1876',NULL),
('201012016120888',NULL,'0231341000',NULL,NULL,NULL,NULL,1,NULL,'2155',NULL),
('201012016120888',NULL,'0217304608',NULL,NULL,NULL,NULL,2,NULL,'3633',NULL),
('201012016120847',NULL,'0202302000',NULL,NULL,NULL,NULL,1,NULL,'183',NULL),
('201012016120847',NULL,'0202390000',NULL,NULL,NULL,NULL,1,NULL,'194',NULL),
('201012016120847',NULL,'0214301000',NULL,NULL,NULL,NULL,1,NULL,'1680',NULL),
('201012016120847',NULL,'0214302200',NULL,NULL,NULL,NULL,1,NULL,'1683',NULL),
('201012016120847',NULL,'0214303300',NULL,NULL,NULL,NULL,1,NULL,'1691',NULL),
('201012016120847',NULL,'0214321500',NULL,NULL,NULL,NULL,1,NULL,'1704',NULL),
('201012016120847',NULL,'0215301300',NULL,NULL,NULL,NULL,1,NULL,'1720',NULL),
('201012016120847',NULL,'0217301600',NULL,NULL,NULL,NULL,1,NULL,'1739',NULL),
('201012016120847',NULL,'0218301600',NULL,NULL,NULL,NULL,1,NULL,'1875',NULL),
('201012016120847',NULL,'0231341000',NULL,NULL,NULL,NULL,1,NULL,'2155',NULL),
('201012016120847',NULL,'0706000001',NULL,NULL,NULL,NULL,1,NULL,'3175',NULL),
('201012016120847',NULL,'0708000009',NULL,NULL,NULL,NULL,1,NULL,'3210',NULL),
('201012016120847',NULL,'0708000013',NULL,NULL,NULL,NULL,1,NULL,'3214',NULL),
('201012016120847',NULL,'0217304608',NULL,NULL,NULL,NULL,2,NULL,'3633',NULL),
('2020120I6120962',NULL,'0217301700',NULL,NULL,NULL,NULL,1,NULL,'1736',NULL),
('2020120I6120962',NULL,'0218304908',NULL,NULL,NULL,NULL,1,NULL,'1901',NULL),
('2020120I6120962',NULL,'0225301500',NULL,NULL,NULL,NULL,1,NULL,'2023',NULL),
('2020120I6120962',NULL,'0206342300',NULL,NULL,NULL,NULL,2,NULL,'1257',NULL),
('2020120I6120962',NULL,'0207301000',NULL,NULL,NULL,NULL,2,NULL,'1299',NULL),
('2020120I6120962',NULL,'0208322200',NULL,NULL,NULL,NULL,2,NULL,'1468',NULL),
('2020120I6120962',NULL,'0208323028',NULL,NULL,NULL,NULL,2,NULL,'1491',NULL),
('2020120I6120962',NULL,'0211302800',NULL,NULL,NULL,NULL,2,NULL,'1663',NULL),
('2020120I6120962',NULL,'0231341300',NULL,NULL,NULL,NULL,2,NULL,'2158',NULL),
('2020120I6120962',NULL,'0231343000',NULL,NULL,NULL,NULL,2,NULL,'2161',NULL),
('2020120I6120962',NULL,'0306000025',NULL,NULL,NULL,NULL,2,NULL,'1380',NULL),
('2020120I6120962',NULL,'0310000034',NULL,NULL,NULL,NULL,2,NULL,'2185',NULL),
('2020120I6120962',NULL,'0310000035',NULL,NULL,NULL,NULL,2,NULL,'2186',NULL),
('2020120I6120962',NULL,'0311000036',NULL,NULL,NULL,NULL,2,NULL,'17354',NULL),
('2020120I6120962',NULL,'0311000041',NULL,NULL,NULL,NULL,2,NULL,'3625',NULL),
('2020120I6120962',NULL,'0315000015',NULL,NULL,NULL,NULL,3,NULL,'3626',NULL),
('2020120I6120962',NULL,'0217304608',NULL,NULL,NULL,NULL,4,NULL,'3633',NULL),
('202012016120716',NULL,'0202303000',NULL,NULL,NULL,NULL,1,NULL,'184',NULL),
('202012016120716',NULL,'020230000',NULL,NULL,NULL,NULL,1,NULL,'17354',NULL),
('202012016120716',NULL,'0209302110',NULL,NULL,NULL,NULL,1,NULL,'1511',NULL),
('202012016120716',NULL,'0209310100',NULL,NULL,NULL,NULL,1,NULL,'1517',NULL),
('202012016120716',NULL,'0209351000',NULL,NULL,NULL,NULL,1,NULL,'1525',NULL),
('202012016120716',NULL,'0214302000',NULL,NULL,NULL,NULL,1,NULL,'1681',NULL),
('202012016120716',NULL,'0214303000',NULL,NULL,NULL,NULL,1,NULL,'1687',NULL),
('202012016120716',NULL,'02143P.1500',NULL,NULL,NULL,NULL,1,NULL,'17354',NULL),
('202012016120716',NULL,'0215301100',NULL,NULL,NULL,NULL,1,NULL,'1718',NULL),
('202012016120716',NULL,'02130100',NULL,NULL,NULL,NULL,1,NULL,'17354',NULL),
('202012016120716',NULL,'021301600',NULL,NULL,NULL,NULL,1,NULL,'17354',NULL),
('202012016120716',NULL,'021301600',NULL,NULL,NULL,NULL,1,NULL,'17354',NULL),
('202012016120716',NULL,'0218301700',NULL,NULL,NULL,NULL,1,NULL,'1876',NULL),
('202012016120716',NULL,'0231341000',NULL,NULL,NULL,NULL,1,NULL,'2155',NULL),
('202012016120716',NULL,'0315000031',NULL,NULL,NULL,NULL,1,NULL,'2216',NULL),
('202012016120716',NULL,'317304008',NULL,NULL,NULL,NULL,2,NULL,'17354',NULL),
('201012016110135',NULL,'0315000015',NULL,NULL,NULL,NULL,1,NULL,'3626',NULL),
('201012016110135',NULL,'0316000001',NULL,NULL,NULL,NULL,1,NULL,'2192',NULL),
('201012016110135',NULL,'0316000015',NULL,NULL,NULL,NULL,1,NULL,'2204',NULL),
('201012016110135',NULL,'0217304608',NULL,NULL,NULL,NULL,2,NULL,'3633',NULL),
('202012016120775',NULL,'0202302000',NULL,NULL,NULL,NULL,1,NULL,'183',NULL),
('202012016120775',NULL,'0000',NULL,NULL,NULL,NULL,1,NULL,'17354',NULL),
('202012016120775',NULL,'208323028',NULL,NULL,NULL,NULL,1,NULL,'17354',NULL),
('202012016120775',NULL,'02143310',NULL,NULL,NULL,NULL,1,NULL,'17354',NULL),
('202012016120775',NULL,'0214321700',NULL,NULL,NULL,NULL,1,NULL,'1709',NULL),
('202012016120775',NULL,'0214321800',NULL,NULL,NULL,NULL,1,NULL,'1710',NULL),
('202012016120775',NULL,'0215501100',NULL,NULL,NULL,NULL,1,NULL,'17354',NULL),
('202012016120775',NULL,'0217301600',NULL,NULL,NULL,NULL,1,NULL,'1739',NULL),
('202012016120775',NULL,'0218501700',NULL,NULL,NULL,NULL,1,NULL,'17354',NULL),
('202012016120775',NULL,'0218302100',NULL,NULL,NULL,NULL,1,NULL,'17351',NULL),
('202012016120775',NULL,'0231341000',NULL,NULL,NULL,NULL,1,NULL,'2155',NULL),
('202012016120775',NULL,'0315000021',NULL,NULL,NULL,NULL,1,NULL,'17354',NULL),
('202012016120775',NULL,'2l7304608',NULL,NULL,NULL,NULL,2,NULL,'17354',NULL),
('202012016120775',NULL,'031S000051',NULL,NULL,NULL,NULL,1,NULL,'17354',NULL),
('201012016110469',NULL,'0204317708',NULL,NULL,NULL,NULL,1,NULL,'437',NULL),
('201012016110469',NULL,'0205301308',NULL,NULL,NULL,NULL,1,NULL,'639',NULL),
('201012016110469',NULL,'0208304000',NULL,NULL,NULL,NULL,1,NULL,'1454',NULL),
('201012016110469',NULL,'0208323028',NULL,NULL,NULL,NULL,1,NULL,'1491',NULL),
('201012016110469',NULL,'0210301108',NULL,NULL,NULL,NULL,1,NULL,'1626',NULL),
('201012016110469',NULL,'0210312808',NULL,NULL,NULL,NULL,1,NULL,'1636',NULL),
('201012016110469',NULL,'0305000054',NULL,NULL,NULL,NULL,1,NULL,'659',NULL),
('201012016110469',NULL,'0706000002',NULL,NULL,NULL,NULL,1,NULL,'3177',NULL),
('201012016110469',NULL,'0707000006',NULL,NULL,NULL,NULL,1,NULL,'3197',NULL),
('201012016110469',NULL,'0202302000',NULL,NULL,NULL,NULL,2,NULL,'183',NULL),
('201012016110469',NULL,'0202390000',NULL,NULL,NULL,NULL,2,NULL,'194',NULL),
('201012016110469',NULL,'0209302110',NULL,NULL,NULL,NULL,2,NULL,'1511',NULL),
('201012016110469',NULL,'0209310100',NULL,NULL,NULL,NULL,2,NULL,'1517',NULL),
('201012016110469',NULL,'0209351000',NULL,NULL,NULL,NULL,2,NULL,'1525',NULL),
('201012016110469',NULL,'0214301000',NULL,NULL,NULL,NULL,2,NULL,'1680',NULL),
('201012016110469',NULL,'0214303300',NULL,NULL,NULL,NULL,2,NULL,'1691',NULL),
('201012016110469',NULL,'0214321500',NULL,NULL,NULL,NULL,2,NULL,'1704',NULL),
('201012016110469',NULL,'0215301450',NULL,NULL,NULL,NULL,2,NULL,'1724',NULL),
('201012016110469',NULL,'0217301700',NULL,NULL,NULL,NULL,2,NULL,'1736',NULL),
('201012016110469',NULL,'0231341100',NULL,NULL,NULL,NULL,2,NULL,'2156',NULL),
('201012016110469',NULL,'031S000017',NULL,NULL,NULL,NULL,3,NULL,'17354',NULL),
('201012016110469',NULL,'0206344100',NULL,NULL,NULL,NULL,4,NULL,'1259',NULL),
('201012016110469',NULL,'0207313100',NULL,NULL,NULL,NULL,4,NULL,'1313',NULL),
('201012016110469',NULL,'0208322300',NULL,NULL,NULL,NULL,4,NULL,'1470',NULL),
('201012016110469',NULL,'0208323028',NULL,NULL,NULL,NULL,4,NULL,'1491',NULL),
('201012016110469',NULL,'0211302000',NULL,NULL,NULL,NULL,4,NULL,'1658',NULL),
('201012016110469',NULL,'0231341300',NULL,NULL,NULL,NULL,4,NULL,'2158',NULL),
('201012016110469',NULL,'0231343000',NULL,NULL,NULL,NULL,4,NULL,'2161',NULL),
('201012016110469',NULL,'0310000034',NULL,NULL,NULL,NULL,4,NULL,'2185',NULL),
('201012016110469',NULL,'0310000035',NULL,NULL,NULL,NULL,4,NULL,'2186',NULL),
('201012016110469',NULL,'0311000041',NULL,NULL,NULL,NULL,4,NULL,'3625',NULL),
('201012016110469',NULL,'0315000015',NULL,NULL,NULL,NULL,4,NULL,'3626',NULL),
('202012016120756',NULL,'0202302000',NULL,NULL,NULL,NULL,1,NULL,'183',NULL),
('202012016120756',NULL,'0202390000',NULL,NULL,NULL,NULL,1,NULL,'194',NULL),
('202012016120756',NULL,'0214301000',NULL,NULL,NULL,NULL,1,NULL,'1680',NULL),
('202012016120756',NULL,'02143100',NULL,NULL,NULL,NULL,1,NULL,'17354',NULL),
('202012016120756',NULL,'4321500',NULL,NULL,NULL,NULL,1,NULL,'17354',NULL),
('202012016120756',NULL,'021301100',NULL,NULL,NULL,NULL,1,NULL,'17354',NULL),
('202012016120756',NULL,'021301200',NULL,NULL,NULL,NULL,1,NULL,'1719',NULL),
('202012016120756',NULL,'0217301600',NULL,NULL,NULL,NULL,1,NULL,'1739',NULL),
('202012016120756',NULL,'0218301700',NULL,NULL,NULL,NULL,1,NULL,'1876',NULL),
('202012016120756',NULL,'0231341000',NULL,NULL,NULL,NULL,1,NULL,'2155',NULL),
('202012016120756',NULL,'031S000021',NULL,NULL,NULL,NULL,1,NULL,'17354',NULL),
('202012016120756',NULL,'031S0000S1',NULL,NULL,NULL,NULL,1,NULL,'17354',NULL),
('202012016120756',NULL,'0708000009',NULL,NULL,NULL,NULL,1,NULL,'3210',NULL),
('202012016120756',NULL,'0217304608',NULL,NULL,NULL,NULL,2,NULL,'3633',NULL),
('201012016110209',NULL,'0202307008',NULL,NULL,NULL,NULL,1,NULL,'209',NULL),
('201012016110209',NULL,'0202391000',NULL,NULL,NULL,NULL,1,NULL,'195',NULL),
('201012016110209',NULL,'0204316300',NULL,NULL,NULL,NULL,1,NULL,'331',NULL),
('201012016110209',NULL,'0204317300',NULL,NULL,NULL,NULL,1,NULL,'17354',NULL),
('201012016110209',NULL,'0205311208',NULL,NULL,NULL,NULL,1,NULL,'3628',NULL),
('201012016110209',NULL,'0207323308',NULL,NULL,NULL,NULL,1,NULL,'1422',NULL),
('201012016110209',NULL,'0207353508',NULL,NULL,NULL,NULL,1,NULL,'1368',NULL),
('201012016110209',NULL,'0208304000',NULL,NULL,NULL,NULL,1,NULL,'1454',NULL),
('201012016110209',NULL,'0208305200',NULL,NULL,NULL,NULL,1,NULL,'1459',NULL),
('201012016110209',NULL,'0208323028',NULL,NULL,NULL,NULL,1,NULL,'1491',NULL),
('201012016110209',NULL,'0209302310',NULL,NULL,NULL,NULL,1,NULL,'1515',NULL),
('201012016110209',NULL,'0209310100',NULL,NULL,NULL,NULL,1,NULL,'1517',NULL),
('201012016110209',NULL,'0209351000',NULL,NULL,NULL,NULL,1,NULL,'1525',NULL),
('201012016110209',NULL,'0210301008',NULL,NULL,NULL,NULL,1,NULL,'1625',NULL),
('201012016110209',NULL,'0210312000',NULL,NULL,NULL,NULL,1,NULL,'1572',NULL),
('201012016110209',NULL,'0210312008',NULL,NULL,NULL,NULL,1,NULL,'1632',NULL),
('201012016110209',NULL,'0231341100',NULL,NULL,NULL,NULL,1,NULL,'2156',NULL),
('201012016110209',NULL,'0701000001',NULL,NULL,NULL,NULL,1,NULL,'3150',NULL),
('201012016110209',NULL,'0703000005',NULL,NULL,NULL,NULL,1,NULL,'3167',NULL),
('201012016110209',NULL,'0705000003',NULL,NULL,NULL,NULL,1,NULL,'3170',NULL),
('201012016110209',NULL,'0705000012',NULL,NULL,NULL,NULL,1,NULL,'3187',NULL),
('201012016110209',NULL,'0710000013',NULL,NULL,NULL,NULL,1,NULL,'17354',NULL),
('201012016110209',NULL,'0217301700',NULL,NULL,NULL,NULL,2,NULL,'1736',NULL),
('201012016110209',NULL,'0213304908',NULL,NULL,NULL,NULL,2,NULL,'17354',NULL),
('201012016110209',NULL,'0218305008',NULL,NULL,NULL,NULL,2,NULL,'17354',NULL),
('201012016110209',NULL,'0225301500',NULL,NULL,NULL,NULL,2,NULL,'2023',NULL),
('201012016110209',NULL,'0708000007',NULL,NULL,NULL,NULL,2,NULL,'3206',NULL),
('201012016110209',NULL,'13100050100000',NULL,NULL,NULL,NULL,2,NULL,'17354',NULL),
('201012016110209',NULL,'0217301700',NULL,NULL,NULL,NULL,3,NULL,'1736',NULL),
('201012016110209',NULL,'0213304908',NULL,NULL,NULL,NULL,3,NULL,'17354',NULL),
('201012016110209',NULL,'0218305008',NULL,NULL,NULL,NULL,3,NULL,'17354',NULL),
('201012016110209',NULL,'0225301500',NULL,NULL,NULL,NULL,3,NULL,'2023',NULL),
('201012016110209',NULL,'0708000007',NULL,NULL,NULL,NULL,3,NULL,'3206',NULL),
('201012016110209',NULL,'13100050100000',NULL,NULL,NULL,NULL,3,NULL,'17354',NULL),
('201012016110209',NULL,'0206342300',NULL,NULL,NULL,NULL,4,NULL,'1257',NULL),
('201012016110209',NULL,'0208322300',NULL,NULL,NULL,NULL,4,NULL,'1470',NULL),
('201012016110209',NULL,'020832302S',NULL,NULL,NULL,NULL,4,NULL,'17354',NULL),
('201012016110209',NULL,'0211302808',NULL,NULL,NULL,NULL,4,NULL,'1670',NULL),
('201012016110209',NULL,'0231341300',NULL,NULL,NULL,NULL,4,NULL,'2158',NULL),
('201012016110209',NULL,'0231543000',NULL,NULL,NULL,NULL,4,NULL,'17354',NULL),
('201012016110209',NULL,'0310000034',NULL,NULL,NULL,NULL,4,NULL,'2185',NULL),
('201012016110209',NULL,'0310000035',NULL,NULL,NULL,NULL,4,NULL,'2186',NULL),
('201012016110209',NULL,'0311000038',NULL,NULL,NULL,NULL,4,NULL,'3630',NULL),
('201012016110209',NULL,'0311000041',NULL,NULL,NULL,NULL,4,NULL,'3625',NULL),
('201012016110209',NULL,'0315000016',NULL,NULL,NULL,NULL,4,NULL,'17354',NULL),
('201012016110209',NULL,'0709000002',NULL,NULL,NULL,NULL,4,NULL,'3217',NULL),
('201012016110209',NULL,'0712000007',NULL,NULL,NULL,NULL,4,NULL,'3280',NULL),
('201012016110209',NULL,'0712000009',NULL,NULL,NULL,NULL,4,NULL,'17354',NULL),
('201022016100020',NULL,'0202302000',NULL,NULL,NULL,NULL,1,NULL,'183',NULL),
('201022016100020',NULL,'020239000D',NULL,NULL,NULL,NULL,1,NULL,'17354',NULL),
('201022016100020',NULL,'0214303000',NULL,NULL,NULL,NULL,1,NULL,'1687',NULL),
('201022016100020',NULL,'0214321500',NULL,NULL,NULL,NULL,1,NULL,'1704',NULL),
('201022016100020',NULL,'0215301100',NULL,NULL,NULL,NULL,1,NULL,'1718',NULL),
('201022016100020',NULL,'0215301200',NULL,NULL,NULL,NULL,1,NULL,'1719',NULL),
('201022016100020',NULL,'0217301600',NULL,NULL,NULL,NULL,1,NULL,'1739',NULL),
('201022016100020',NULL,'0218301600',NULL,NULL,NULL,NULL,1,NULL,'1875',NULL),
('201022016100020',NULL,'0218301700',NULL,NULL,NULL,NULL,1,NULL,'1876',NULL),
('201022016100020',NULL,'0231341000',NULL,NULL,NULL,NULL,1,NULL,'2155',NULL),
('201022016100020',NULL,'170125012S',NULL,NULL,NULL,NULL,1,NULL,'17354',NULL),
('201022016100020',NULL,'0202302000',NULL,NULL,NULL,NULL,2,NULL,'183',NULL),
('201022016100020',NULL,'0202390000',NULL,NULL,NULL,NULL,2,NULL,'194',NULL),
('201022016100020',NULL,'0214303000',NULL,NULL,NULL,NULL,2,NULL,'1687',NULL),
('201022016100020',NULL,'0214321500',NULL,NULL,NULL,NULL,2,NULL,'1704',NULL),
('201022016100020',NULL,'0215301100',NULL,NULL,NULL,NULL,2,NULL,'1718',NULL),
('201022016100020',NULL,'0215301200',NULL,NULL,NULL,NULL,2,NULL,'1719',NULL),
('201022016100020',NULL,'0217301600',NULL,NULL,NULL,NULL,2,NULL,'1739',NULL),
('201022016100020',NULL,'0218301600',NULL,NULL,NULL,NULL,2,NULL,'1875',NULL),
('201022016100020',NULL,'0218301700',NULL,NULL,NULL,NULL,2,NULL,'1876',NULL),
('201022016100020',NULL,'0231341000',NULL,NULL,NULL,NULL,2,NULL,'2155',NULL),
('201012016I10654',NULL,'0202390000',NULL,NULL,NULL,NULL,1,NULL,'194',NULL),
('201012016I10654',NULL,'0204321200',NULL,NULL,NULL,NULL,1,NULL,'456',NULL),
('201012016I10654',NULL,'0204321208',NULL,NULL,NULL,NULL,1,NULL,'483',NULL),
('201012016I10654',NULL,'0204322200',NULL,NULL,NULL,NULL,1,NULL,'460',NULL),
('201012016I10654',NULL,'0204325100',NULL,NULL,NULL,NULL,1,NULL,'469',NULL),
('201012016I10654',NULL,'0204325100',NULL,NULL,NULL,NULL,1,NULL,'469',NULL),
('201012016I10654',NULL,'0205311200',NULL,NULL,NULL,NULL,1,NULL,'645',NULL),
('201012016I10654',NULL,'0208323028',NULL,NULL,NULL,NULL,1,NULL,'1491',NULL),
('201012016I10654',NULL,'0209302110',NULL,NULL,NULL,NULL,1,NULL,'1511',NULL),
('201012016I10654',NULL,'0209310100',NULL,NULL,NULL,NULL,1,NULL,'1517',NULL),
('201012016I10654',NULL,'0209351000',NULL,NULL,NULL,NULL,1,NULL,'1525',NULL),
('201012016I10654',NULL,'0210301100',NULL,NULL,NULL,NULL,1,NULL,'1565',NULL),
('201012016I10654',NULL,'0210301108',NULL,NULL,NULL,NULL,1,NULL,'1626',NULL),
('201012016I10654',NULL,'0210312800',NULL,NULL,NULL,NULL,1,NULL,'1576',NULL),
('201012016I10654',NULL,'0210312808',NULL,NULL,NULL,NULL,1,NULL,'1636',NULL),
('201012016I10654',NULL,'0218302300',NULL,NULL,NULL,NULL,1,NULL,'17353',NULL),
('201012016I10654',NULL,'0231341100',NULL,NULL,NULL,NULL,1,NULL,'2156',NULL),
('201012016I10654',NULL,'021431500',NULL,NULL,NULL,NULL,2,NULL,'17354',NULL),
('201012016I10654',NULL,'0214321600',NULL,NULL,NULL,NULL,2,NULL,'1708',NULL),
('201012016I10654',NULL,'0215301100',NULL,NULL,NULL,NULL,2,NULL,'1718',NULL),
('201012016I10654',NULL,'0217301600',NULL,NULL,NULL,NULL,2,NULL,'1739',NULL),
('201012016I10654',NULL,'0304000023',NULL,NULL,NULL,NULL,2,NULL,'1597',NULL),
('201012016I10654',NULL,'0206302000',NULL,NULL,NULL,NULL,4,NULL,'1245',NULL),
('201012016I10654',NULL,'0208322300',NULL,NULL,NULL,NULL,4,NULL,'1470',NULL),
('201012016I10654',NULL,'0208323028',NULL,NULL,NULL,NULL,4,NULL,'1491',NULL),
('201012016I10654',NULL,'0211301000',NULL,NULL,NULL,NULL,4,NULL,'1649',NULL),
('201012016I10654',NULL,'0231341300',NULL,NULL,NULL,NULL,4,NULL,'2158',NULL),
('201012016I10654',NULL,'0231343000',NULL,NULL,NULL,NULL,4,NULL,'2161',NULL),
('201012016I10654',NULL,'0310000035',NULL,NULL,NULL,NULL,4,NULL,'2186',NULL),
('201012016I10654',NULL,'0311000038',NULL,NULL,NULL,NULL,4,NULL,'3630',NULL),
('201012016I10654',NULL,'0311000041',NULL,NULL,NULL,NULL,4,NULL,'3625',NULL),
('201012016100695',NULL,'0202302000',NULL,NULL,NULL,NULL,1,NULL,'183',NULL),
('201012016100695',NULL,'0202390000',NULL,NULL,NULL,NULL,1,NULL,'194',NULL),
('201012016100695',NULL,'020932110',NULL,NULL,NULL,NULL,1,NULL,'17354',NULL),
('201012016100695',NULL,'29310100',NULL,NULL,NULL,NULL,1,NULL,'17354',NULL),
('201012016100695',NULL,'5209381000',NULL,NULL,NULL,NULL,1,NULL,'17354',NULL),
('201012016100695',NULL,'0214303000',NULL,NULL,NULL,NULL,1,NULL,'1687',NULL),
('201012016100695',NULL,'0214321500',NULL,NULL,NULL,NULL,1,NULL,'1704',NULL),
('201012016100695',NULL,'021S301100',NULL,NULL,NULL,NULL,1,NULL,'17354',NULL),
('201012016100695',NULL,'0215301200',NULL,NULL,NULL,NULL,1,NULL,'1719',NULL),
('201012016100695',NULL,'0217301600',NULL,NULL,NULL,NULL,1,NULL,'1739',NULL),
('201012016100695',NULL,'0218301700',NULL,NULL,NULL,NULL,1,NULL,'1876',NULL),
('201012016100695',NULL,'02S13Q00',NULL,NULL,NULL,NULL,1,NULL,'17354',NULL),
('201012016100695',NULL,'0316000017',NULL,NULL,NULL,NULL,1,NULL,'2209',NULL),
('201012016100695',NULL,'02130408',NULL,NULL,NULL,NULL,2,NULL,'17354',NULL),
('201012016100695',NULL,'0315000015',NULL,NULL,NULL,NULL,3,NULL,'3626',NULL),
('201012016100695',NULL,'0316000001',NULL,NULL,NULL,NULL,3,NULL,'2192',NULL),
('201012016100695',NULL,'0310000004',NULL,NULL,NULL,NULL,3,NULL,'17354',NULL),
('201012016120360',NULL,'0202302000',NULL,NULL,NULL,NULL,1,NULL,'183',NULL),
('201012016120360',NULL,'0202390000',NULL,NULL,NULL,NULL,1,NULL,'194',NULL),
('201012016120360',NULL,'0208323028',NULL,NULL,NULL,NULL,1,NULL,'1491',NULL),
('201012016120360',NULL,'0209302110',NULL,NULL,NULL,NULL,1,NULL,'1511',NULL),
('201012016120360',NULL,'0209310100',NULL,NULL,NULL,NULL,1,NULL,'1517',NULL),
('201012016120360',NULL,'0209351000',NULL,NULL,NULL,NULL,1,NULL,'1525',NULL),
('201012016120360',NULL,'0214301000',NULL,NULL,NULL,NULL,1,NULL,'1680',NULL),
('201012016120360',NULL,'0214302200',NULL,NULL,NULL,NULL,1,NULL,'1683',NULL),
('201012016120360',NULL,'0214303200',NULL,NULL,NULL,NULL,1,NULL,'1690',NULL),
('201012016120360',NULL,'0214321500',NULL,NULL,NULL,NULL,1,NULL,'1704',NULL),
('201012016120360',NULL,'0215301100',NULL,NULL,NULL,NULL,1,NULL,'1718',NULL),
('201012016120360',NULL,'021B301300',NULL,NULL,NULL,NULL,1,NULL,'17354',NULL),
('201012016120360',NULL,'0217301600',NULL,NULL,NULL,NULL,1,NULL,'1739',NULL),
('201012016120360',NULL,'023000',NULL,NULL,NULL,NULL,1,NULL,'17354',NULL),
('201012016120360',NULL,'0218302300',NULL,NULL,NULL,NULL,1,NULL,'17353',NULL),
('201012016120360',NULL,'0231341000',NULL,NULL,NULL,NULL,1,NULL,'2155',NULL),
('201012016120360',NULL,'0708000001',NULL,NULL,NULL,NULL,1,NULL,'3202',NULL),
('201012016120360',NULL,'0708000009',NULL,NULL,NULL,NULL,1,NULL,'3210',NULL),
('201012016120360',NULL,'0708000013',NULL,NULL,NULL,NULL,1,NULL,'3214',NULL),
('202012017010065',NULL,'020Z307008',NULL,NULL,NULL,NULL,1,NULL,'17354',NULL),
('202012017010065',NULL,'0202391000',NULL,NULL,NULL,NULL,1,NULL,'195',NULL),
('202012017010065',NULL,'0204319100',NULL,NULL,NULL,NULL,1,NULL,'356',NULL),
('202012017010065',NULL,'0203301200',NULL,NULL,NULL,NULL,1,NULL,'17354',NULL),
('202012017010065',NULL,'0207323208',NULL,NULL,NULL,NULL,1,NULL,'1421',NULL),
('202012017010065',NULL,'0207353608',NULL,NULL,NULL,NULL,1,NULL,'1369',NULL),
('202012017010065',NULL,'0210312100',NULL,NULL,NULL,NULL,1,NULL,'1573',NULL),
('202012017010065',NULL,'0210312108',NULL,NULL,NULL,NULL,1,NULL,'1634',NULL),
('202012017010065',NULL,'0217301700',NULL,NULL,NULL,NULL,2,NULL,'1736',NULL),
('202012017010065',NULL,'0218305008',NULL,NULL,NULL,NULL,2,NULL,'17354',NULL),
('202012017010065',NULL,'0225301500',NULL,NULL,NULL,NULL,2,NULL,'2023',NULL),
('202012017010065',NULL,'138386',NULL,NULL,NULL,NULL,3,NULL,'17354',NULL),
('201012016100254',NULL,'0202302000',NULL,NULL,NULL,NULL,1,NULL,'183',NULL),
('201012016100254',NULL,'022390000',NULL,NULL,NULL,NULL,1,NULL,'17354',NULL),
('201012016100254',NULL,'0208323028',NULL,NULL,NULL,NULL,1,NULL,'1491',NULL),
('201012016100254',NULL,'021432160',NULL,NULL,NULL,NULL,1,NULL,'17354',NULL),
('201012016100254',NULL,'0214321700',NULL,NULL,NULL,NULL,1,NULL,'1709',NULL),
('201012016100254',NULL,'0215301100',NULL,NULL,NULL,NULL,1,NULL,'1718',NULL),
('201012016100254',NULL,'0217301600',NULL,NULL,NULL,NULL,1,NULL,'1739',NULL),
('201012016100254',NULL,'0218301700',NULL,NULL,NULL,NULL,1,NULL,'1876',NULL),
('201012016100254',NULL,'0218302100',NULL,NULL,NULL,NULL,1,NULL,'17351',NULL),
('201012016100254',NULL,'0231341000',NULL,NULL,NULL,NULL,1,NULL,'2155',NULL),
('201012016100254',NULL,'008000009',NULL,NULL,NULL,NULL,1,NULL,'17354',NULL),
('201012016100254',NULL,'0708000011',NULL,NULL,NULL,NULL,1,NULL,'3212',NULL),
('201012016100254',NULL,'0708000013',NULL,NULL,NULL,NULL,1,NULL,'3214',NULL),
('201012016100254',NULL,'0717000002',NULL,NULL,NULL,NULL,1,NULL,'3158',NULL),
('201012016100254',NULL,'1701250125',NULL,NULL,NULL,NULL,2,NULL,'17354',NULL),
('201012016100254',NULL,'0217304608',NULL,NULL,NULL,NULL,3,NULL,'3633',NULL),
('201012016100254',NULL,'0315000015',NULL,NULL,NULL,NULL,5,NULL,'3626',NULL),
('201012016100254',NULL,'0316000001',NULL,NULL,NULL,NULL,5,NULL,'2192',NULL),
('201012016100254',NULL,'0316000004',NULL,NULL,NULL,NULL,5,NULL,'2195',NULL),
('201022016120884',NULL,'0217301700',NULL,NULL,NULL,NULL,1,NULL,'1736',NULL),
('201022016120884',NULL,'0230490',NULL,NULL,NULL,NULL,1,NULL,'17354',NULL),
('201022016120884',NULL,'0225301500',NULL,NULL,NULL,NULL,1,NULL,'2023',NULL),
('201022016120884',NULL,'0708000008',NULL,NULL,NULL,NULL,1,NULL,'3207',NULL),
('201022016120884',NULL,'021304908',NULL,NULL,NULL,NULL,2,NULL,'17354',NULL),
('201022016120884',NULL,'031000035',NULL,NULL,NULL,NULL,2,NULL,'17354',NULL),
('201022016120884',NULL,'0217301700',NULL,NULL,NULL,NULL,3,NULL,'1736',NULL),
('201022016120884',NULL,'0000000',NULL,NULL,NULL,NULL,3,NULL,'17354',NULL),
('201022016120884',NULL,'0226301500',NULL,NULL,NULL,NULL,3,NULL,'17354',NULL),
('201022016120884',NULL,'07000l8',NULL,NULL,NULL,NULL,3,NULL,'17354',NULL),
('201022016120884',NULL,'02630490',NULL,NULL,NULL,NULL,4,NULL,'17354',NULL),
('201022016120884',NULL,'0310000035',NULL,NULL,NULL,NULL,4,NULL,'2186',NULL),
('201022016120884',NULL,'0217302708',NULL,NULL,NULL,NULL,5,NULL,'1745',NULL),
('201012016110602',NULL,'0208322300',NULL,NULL,NULL,NULL,1,NULL,'1470',NULL),
('201012016110602',NULL,'0214303000',NULL,NULL,NULL,NULL,2,NULL,'1687',NULL),
('201012016110602',NULL,'0214303100',NULL,NULL,NULL,NULL,2,NULL,'1688',NULL),
('201012016110602',NULL,'0214321500',NULL,NULL,NULL,NULL,2,NULL,'1704',NULL),
('201012016110602',NULL,'0215301200',NULL,NULL,NULL,NULL,2,NULL,'1719',NULL),
('201012016110602',NULL,'0217301600',NULL,NULL,NULL,NULL,2,NULL,'1739',NULL),
('201012016110602',NULL,'0218301M0',NULL,NULL,NULL,NULL,2,NULL,'17354',NULL),
('201012016110602',NULL,'0231341000',NULL,NULL,NULL,NULL,2,NULL,'2155',NULL),
('201012016110602',NULL,'0706000001',NULL,NULL,NULL,NULL,2,NULL,'3175',NULL),
('201012016110602',NULL,'0708000009',NULL,NULL,NULL,NULL,2,NULL,'3210',NULL),
('201012016110602',NULL,'0207301000',NULL,NULL,NULL,NULL,3,NULL,'1299',NULL),
('201012016110602',NULL,'0207351000',NULL,NULL,NULL,NULL,3,NULL,'1353',NULL),
('201012016110602',NULL,'020a323028',NULL,NULL,NULL,NULL,3,NULL,'17354',NULL),
('201012016110602',NULL,'0211301100',NULL,NULL,NULL,NULL,3,NULL,'1652',NULL),
('201012016110602',NULL,'0?31341300',NULL,NULL,NULL,NULL,3,NULL,'2158',NULL),
('201012016110602',NULL,'0231343000',NULL,NULL,NULL,NULL,3,NULL,'2161',NULL),
('201012016110602',NULL,'0306000021',NULL,NULL,NULL,NULL,3,NULL,'1376',NULL),
('201012016110602',NULL,'0310000035',NULL,NULL,NULL,NULL,3,NULL,'2186',NULL),
('201012016110602',NULL,'01000037',NULL,NULL,NULL,NULL,3,NULL,'17354',NULL),
('201012016110602',NULL,'0311000038',NULL,NULL,NULL,NULL,3,NULL,'3630',NULL),
('201012016110602',NULL,'0311000041',NULL,NULL,NULL,NULL,3,NULL,'3625',NULL),
('201012016110602',NULL,'0007000003',NULL,NULL,NULL,NULL,3,NULL,'17354',NULL),
('201012016110602',NULL,'021730400B',NULL,NULL,NULL,NULL,5,NULL,'17354',NULL),
('202012016100255',NULL,'0217302508',NULL,NULL,NULL,NULL,1,NULL,'1743',NULL),
('202012016100255',NULL,'0217304606',NULL,NULL,NULL,NULL,1,NULL,'17354',NULL),
('202012016100255',NULL,'0718000003',NULL,NULL,NULL,NULL,2,NULL,'3364',NULL),
('202012016100255',NULL,'0607000067',NULL,NULL,NULL,NULL,3,NULL,'3454',NULL),
('202012016100255',NULL,'0208322300',NULL,NULL,NULL,NULL,3,NULL,'1470',NULL),
('202012016100255',NULL,'0208323028',NULL,NULL,NULL,NULL,3,NULL,'1491',NULL),
('202012016100255',NULL,'0211301308',NULL,NULL,NULL,NULL,3,NULL,'1667',NULL),
('202012016100255',NULL,'0211302300',NULL,NULL,NULL,NULL,3,NULL,'1660',NULL),
('202012016100255',NULL,'0231043108',NULL,NULL,NULL,NULL,3,NULL,'17354',NULL),
('202012016100255',NULL,'0231341300',NULL,NULL,NULL,NULL,3,NULL,'2158',NULL),
('202012016100255',NULL,'0231343000',NULL,NULL,NULL,NULL,3,NULL,'2161',NULL),
('202012016100255',NULL,'0307000010',NULL,NULL,NULL,NULL,3,NULL,'17354',NULL),
('202012016100255',NULL,'0310000033',NULL,NULL,NULL,NULL,3,NULL,'2184',NULL),
('202012016100255',NULL,'030000035',NULL,NULL,NULL,NULL,3,NULL,'17354',NULL),
('202012016100255',NULL,'0310000037',NULL,NULL,NULL,NULL,3,NULL,'2188',NULL),
('202012016100255',NULL,'0311000038',NULL,NULL,NULL,NULL,3,NULL,'3630',NULL),
('202012016100255',NULL,'0311000041',NULL,NULL,NULL,NULL,3,NULL,'3625',NULL),
('202012016100255',NULL,'0315000015',NULL,NULL,NULL,NULL,3,NULL,'3626',NULL),
('202012016100255',NULL,'0607000006',NULL,NULL,NULL,NULL,3,NULL,'1279',NULL),
('202012016100255',NULL,'0705000006',NULL,NULL,NULL,NULL,4,NULL,'3172',NULL),
('202012016100255',NULL,'0705000007',NULL,NULL,NULL,NULL,4,NULL,'3173',NULL),
('202012016100255',NULL,'0705000016',NULL,NULL,NULL,NULL,4,NULL,'3191',NULL),
('202012016100255',NULL,'0707000001',NULL,NULL,NULL,NULL,4,NULL,'3193',NULL),
('202012016100255',NULL,'0716000003',NULL,NULL,NULL,NULL,4,NULL,'3359',NULL),
('202012016100255',NULL,'0217301700',NULL,NULL,NULL,NULL,5,NULL,'1736',NULL),
('202012016100255',NULL,'0221311100',NULL,NULL,NULL,NULL,5,NULL,'1912',NULL),
('202012016100255',NULL,'020200',NULL,NULL,NULL,NULL,5,NULL,'1499',NULL),
('202012016100255',NULL,'0225301500',NULL,NULL,NULL,NULL,5,NULL,'2023',NULL),
('202012016100255',NULL,'0312000037',NULL,NULL,NULL,NULL,5,NULL,'1985',NULL),
('202012016100255',NULL,'0312000085',NULL,NULL,NULL,NULL,6,NULL,'17354',NULL),
('202012016100255',NULL,'0207301000',NULL,NULL,NULL,NULL,6,NULL,'1299',NULL),
('202012016100255',NULL,'0207311600',NULL,NULL,NULL,NULL,6,NULL,'1309',NULL),
('202012016100255',NULL,'0207351000',NULL,NULL,NULL,NULL,6,NULL,'1353',NULL),
('202012016100255',NULL,'0207352908',NULL,NULL,NULL,NULL,6,NULL,'17354',NULL),
('202012016100255',NULL,'0208305200',NULL,NULL,NULL,NULL,6,NULL,'1459',NULL),
('202012016100255',NULL,'0202304Q00',NULL,NULL,NULL,NULL,7,NULL,'17354',NULL),
('202012016100255',NULL,'0202307008',NULL,NULL,NULL,NULL,7,NULL,'209',NULL),
('202012016100255',NULL,'0202390000',NULL,NULL,NULL,NULL,7,NULL,'194',NULL),
('202012016100255',NULL,'0202391000',NULL,NULL,NULL,NULL,7,NULL,'195',NULL),
('202012016100255',NULL,'0204357408',NULL,NULL,NULL,NULL,7,NULL,'477',NULL),
('202012016100255',NULL,'0204357438',NULL,NULL,NULL,NULL,7,NULL,'481',NULL),
('202012016100255',NULL,'0204357458',NULL,NULL,NULL,NULL,7,NULL,'495',NULL),
('202012016100255',NULL,'0204357468',NULL,NULL,NULL,NULL,7,NULL,'498',NULL),
('202012016100255',NULL,'0204357478',NULL,NULL,NULL,NULL,7,NULL,'500',NULL),
('202012016100255',NULL,'0204357488',NULL,NULL,NULL,NULL,7,NULL,'499',NULL),
('202012016100255',NULL,'0204357498',NULL,NULL,NULL,NULL,7,NULL,'501',NULL),
('202012016100255',NULL,'0205301308',NULL,NULL,NULL,NULL,7,NULL,'639',NULL),
('202012016100255',NULL,'0205311208',NULL,NULL,NULL,NULL,7,NULL,'3628',NULL),
('202012016100255',NULL,'0207351308',NULL,NULL,NULL,NULL,7,NULL,'17354',NULL),
('202012016100255',NULL,'0207353808',NULL,NULL,NULL,NULL,7,NULL,'1371',NULL),
('202012016100255',NULL,'0208323028',NULL,NULL,NULL,NULL,7,NULL,'1491',NULL),
('202012016100255',NULL,'0208323908',NULL,NULL,NULL,NULL,7,NULL,'1494',NULL),
('202012016100255',NULL,'0203300110',NULL,NULL,NULL,NULL,7,NULL,'17354',NULL),
('202012016100255',NULL,'0209310100',NULL,NULL,NULL,NULL,7,NULL,'1517',NULL),
('202012016100255',NULL,'0209351000',NULL,NULL,NULL,NULL,7,NULL,'1525',NULL),
('202012016100255',NULL,'0210301000',NULL,NULL,NULL,NULL,7,NULL,'1564',NULL),
('202012016100255',NULL,'0210301008',NULL,NULL,NULL,NULL,7,NULL,'1625',NULL),
('202012016100255',NULL,'0210312000',NULL,NULL,NULL,NULL,7,NULL,'1572',NULL),
('202012016100255',NULL,'0210312008',NULL,NULL,NULL,NULL,7,NULL,'1632',NULL),
('202012016100255',NULL,'0231341100',NULL,NULL,NULL,NULL,7,NULL,'2156',NULL),
('202012016100255',NULL,'0310000042',NULL,NULL,NULL,NULL,7,NULL,'2191',NULL),
('202012016100255',NULL,'0703000001',NULL,NULL,NULL,NULL,7,NULL,'3161',NULL),
('202012016100255',NULL,'0705000002',NULL,NULL,NULL,NULL,7,NULL,'3169',NULL);

/*!40101 SET SQL_MODE=@OLD_SQL_MODE */;
/*!40014 SET FOREIGN_KEY_CHECKS=@OLD_FOREIGN_KEY_CHECKS */;
/*!40014 SET UNIQUE_CHECKS=@OLD_UNIQUE_CHECKS */;
/*!40111 SET SQL_NOTES=@OLD_SQL_NOTES */;
